LineNr.	PosWords	NegWords	hasShift	NrPron	hasExcl	logNr	Label
1	13	2	1	0	0	4.90527477843843	1
2	8	2	1	0	0	4.941642422609304	0
3	10	5	0	0	0	4.77912349311153	1
4	13	3	1	0	0	4.553876891600541	1
5	12	4	1	0	1	5.497168225293202	1
6	6	2	1	0	0	4.060443010546419	1
7	20	6	1	1	0	5.68697535633982	0
8	11	5	0	0	0	4.867534450455582	0
9	16	8	1	2	0	5.488937726156687	0
10	27	18	1	0	1	5.886104031450156	0
11	9	3	1	0	0	4.543294782270004	0
12	23	8	1	0	0	5.652489180268651	1
13	14	5	1	0	0	5.043425116919247	1
14	27	1	1	2	1	5.198497031265826	1
15	12	2	1	0	1	4.897839799950911	0
16	9	1	1	1	1	4.897839799950911	0
17	6	7	1	0	0	4.442651256490317	0
18	26	10	1	0	0	5.720311776607412	0
19	13	3	1	0	1	4.844187086458591	1
20	14	1	1	0	1	4.990432586778736	1
21	6	2	1	0	1	5.003946305945459	1
22	6	5	1	0	0	4.812184355372417	0
23	36	6	1	1	0	5.736572297479192	1
24	9	4	1	0	0	5.056245805348308	1
25	11	2	1	0	1	4.770684624465665	1
26	5	5	1	0	1	4.804021044733257	1
27	20	0	0	0	0	4.941642422609304	1
28	11	2	1	0	0	4.795790545596741	0
29	4	0	0	0	0	4.48863636973214	1
30	5	0	1	0	0	4.1588830833596715	0
31	14	8	1	1	0	5.337538079701318	1
32	12	5	1	0	0	4.927253685157205	0
33	12	1	0	0	1	4.454347296253507	1
34	7	0	0	0	0	3.9512437185814275	1
35	27	25	1	0	1	6.184148890937483	1
36	11	3	1	0	0	4.394449154672439	0
37	18	2	1	0	0	5.176149732573829	1
38	7	1	1	0	0	4.543294782270004	0
39	24	5	1	0	0	5.541263545158426	0
40	20	6	1	0	0	5.272999558563747	1
41	18	5	1	0	0	4.962844630259907	1
42	21	6	1	0	0	5.634789603169249	0
43	5	6	1	0	1	4.532599493153256	0
44	2	4	1	0	1	4.394449154672439	0
45	20	8	1	1	1	5.54907608489522	0
46	13	8	1	0	0	5.0238805208462765	0
47	7	9	1	0	0	5.1298987149230735	0
48	7	6	1	0	0	4.859812404361672	0
49	12	5	1	0	0	5.123963979403259	1
50	4	3	1	0	0	4.941642422609304	1
51	20	6	1	0	1	5.093750200806762	1
52	10	5	1	0	0	4.897839799950911	0
53	3	1	1	0	0	4.174387269895637	1
54	11	4	1	0	0	4.418840607796598	0
55	17	6	1	0	0	5.541263545158426	1
56	13	2	1	0	0	5.198497031265826	0
57	14	1	1	0	1	4.7535901911063645	1
58	12	5	1	0	1	5.0238805208462765	0
59	4	7	1	0	0	4.672828834461906	0
60	9	2	1	0	0	4.477336814478207	1
61	11	4	1	0	0	5.0106352940962555	1
62	10	5	1	0	0	5.198497031265826	1
63	0	0	0	0	0	5.049856007249537	0
64	11	3	1	0	0	4.912654885736052	1
65	6	5	1	0	0	4.343805421853684	1
66	8	4	0	0	1	4.477336814478207	1
67	14	7	1	1	0	5.056245805348308	0
68	19	4	0	0	0	5.0106352940962555	1
69	19	6	1	0	0	5.056245805348308	0
70	7	0	1	0	0	4.48863636973214	0
71	16	11	1	0	1	5.429345628954441	1
72	5	7	1	0	0	4.867534450455582	1
73	16	4	1	1	0	4.844187086458591	1
74	8	2	1	0	0	4.007333185232471	1
75	8	2	1	0	0	4.454347296253507	1
76	2	1	0	0	0	4.110873864173311	1
77	15	5	1	0	0	4.897839799950911	0
78	11	3	1	0	0	4.624972813284271	0
79	22	5	1	0	0	5.655991810819852	1
80	5	5	0	0	1	4.30406509320417	0
81	8	3	1	0	1	4.852030263919617	1
82	15	4	1	0	0	4.9344739331306915	1
83	11	10	1	1	1	5.493061443340548	0
84	17	9	1	0	0	5.645446897643238	0
85	8	3	1	0	0	4.110873864173311	1
86	5	2	0	0	0	4.3694478524670215	1
87	22	13	1	0	0	6.156978985585555	0
88	12	2	1	0	1	4.976733742420574	1
89	8	2	1	0	0	5.0238805208462765	0
90	4	7	1	0	1	5.0689042022202315	1
91	6	1	1	0	0	4.143134726391533	1
92	11	5	1	0	0	4.8283137373023015	0
93	7	6	1	0	0	4.770684624465665	0
94	7	1	1	0	0	4.852030263919617	0
95	17	4	1	0	1	5.0238805208462765	1
96	9	3	1	0	1	4.90527477843843	0
97	11	2	1	1	0	5.056245805348308	1
98	15	5	1	0	1	5.25227342804663	1
99	9	4	1	0	0	5.0106352940962555	1
100	6	3	1	0	0	5.1647859739235145	0
101	27	4	1	0	0	5.3471075307174685	1
102	8	6	1	0	0	5.049856007249537	0
103	5	2	1	0	1	4.110873864173311	1
104	5	1	1	0	0	3.8918202981106265	1
105	3	1	0	0	0	4.290459441148391	1
106	17	6	0	0	0	4.948759890378168	1
107	14	4	1	0	0	5.2574953720277815	0
108	10	0	0	0	0	4.804021044733257	1
109	6	2	1	0	0	4.430816798843313	0
110	9	3	1	0	0	5.375278407684165	0
111	7	6	1	1	0	4.770684624465665	0
112	10	1	1	0	0	4.532599493153256	1
113	17	3	1	0	0	4.844187086458591	1
114	7	2	1	0	0	4.189654742026425	1
115	11	10	1	0	0	5.043425116919247	0
116	5	2	1	0	0	4.0943445622221	0
117	17	9	1	1	1	5.58724865840025	0
118	6	8	1	0	0	4.962844630259907	0
119	6	1	1	0	0	4.532599493153256	0
120	4	1	1	1	0	4.663439094112067	0
121	20	1	1	1	0	5.1298987149230735	1
122	12	0	0	0	1	4.859812404361672	1
123	126	13	1	2	0	5.7430031878094825	0
124	12	6	1	0	1	5.5093883366279774	1
125	12	4	1	0	0	5.159055299214529	1
126	7	3	1	0	1	4.59511985013459	1
127	17	1	1	0	1	5.081404364984463	1
128	10	0	0	0	0	4.2626798770413155	1
129	7	1	1	0	0	4.02535169073515	1
130	8	2	1	0	0	4.727387818712341	0
131	5	2	1	0	0	4.6913478822291435	0
132	10	4	1	0	0	4.2626798770413155	1
133	8	2	0	0	0	4.605170185988092	1
134	8	2	1	0	0	4.875197323201151	1
135	14	4	1	0	0	4.804021044733257	1
136	7	1	1	0	1	4.709530201312334	0
137	7	0	1	0	0	4.290459441148391	1
138	12	3	1	0	1	4.990432586778736	1
139	24	5	1	0	0	5.556828061699537	1
140	19	3	0	0	0	4.820281565605037	1
141	19	5	1	0	1	4.976733742420574	1
142	13	3	0	0	1	4.770684624465665	1
143	13	8	1	0	0	5.389071729816501	0
144	14	9	1	0	1	5.356586274672012	0
145	8	3	1	0	1	4.356708826689592	0
146	5	2	1	0	0	4.430816798843313	0
147	8	1	1	0	0	4.248495242049359	1
148	9	5	1	0	1	4.77912349311153	1
149	10	3	1	0	0	4.955827057601261	1
150	7	3	1	0	1	4.882801922586371	0
151	4	7	1	0	0	4.624972813284271	0
152	15	6	1	0	1	5.075173815233827	1
153	9	1	1	0	0	3.970291913552122	0
154	11	2	1	0	0	4.787491742782046	1
155	22	6	1	0	0	5.583496308781699	1
156	9	0	1	0	0	4.68213122712422	0
157	8	1	1	1	0	4.23410650459726	1
158	6	2	1	0	0	4.955827057601261	0
159	30	10	1	2	0	5.700443573390687	0
160	11	4	1	0	0	4.820281565605037	0
161	9	2	0	0	0	4.356708826689592	1
162	26	3	0	1	0	5.4116460518550396	1
163	28	5	1	2	0	5.771441123130016	0
164	19	15	1	0	0	5.840641657373398	0
165	1	0	0	0	1	4.969813299576001	1
166	4	1	1	0	0	4.605170185988092	0
167	9	3	1	0	0	4.927253685157205	1
168	3	1	1	1	0	4.143134726391533	0
169	9	1	0	0	0	4.290459441148391	1
170	7	3	1	0	0	4.330733340286331	1
171	5	3	1	0	0	4.836281906951478	0
172	11	5	1	0	0	4.844187086458591	0
173	6	3	0	0	0	4.219507705176107	1
174	33	8	1	0	1	5.8522024797744745	0
175	19	4	1	0	0	5.313205979041787	0
176	21	4	1	0	1	5.676753802268282	0
177	9	4	0	0	0	4.418840607796598	1
178	6	1	0	0	0	4.127134385045092	1
179	5	7	1	0	0	4.983606621708336	0
180	6	1	1	1	0	4.499809670330265	0
181	16	0	1	0	0	4.919980925828125	1
182	3	1	0	1	0	4.343805421853684	0
183	8	3	1	0	0	4.8283137373023015	0
184	9	4	1	0	1	4.867534450455582	1
185	6	3	1	0	0	4.6913478822291435	0
186	14	1	0	0	0	4.875197323201151	1
187	7	5	0	0	0	4.584967478670572	0
188	5	2	0	0	0	4.189654742026425	1
189	24	7	1	0	0	5.723585101952381	0
190	13	2	1	0	0	5.1298987149230735	1
191	22	11	1	0	0	5.802118375377063	1
192	11	9	1	0	0	4.90527477843843	0
193	10	7	1	0	0	4.927253685157205	0
194	7	1	1	0	0	4.672828834461906	0
195	8	0	0	0	0	4.204692619390966	1
196	11	3	1	0	1	5.017279836814924	1
197	10	6	1	1	0	5.332718793265369	0
198	12	9	1	0	1	5.231108616854587	0
199	11	3	1	0	0	4.7535901911063645	0
200	9	2	1	0	0	4.48863636973214	0
201	10	4	1	0	1	5.365976015021851	0
202	14	1	0	0	0	5.111987788356544	1
203	8	2	1	0	0	4.430816798843313	0
204	2	1	0	0	0	3.9889840465642745	1
205	9	3	1	0	0	4.700480365792417	0
206	11	5	1	0	1	5.159055299214529	1
207	4	5	1	0	0	4.564348191467836	0
208	4	1	1	0	0	4.343805421853684	0
209	11	3	1	0	0	5.14166355650266	0
210	19	10	1	0	0	5.8916442118257715	1
211	8	4	1	0	0	5.288267030694535	0
212	13	6	0	0	0	5.017279836814924	1
213	9	2	1	0	1	4.74493212836325	0
214	48	13	1	2	0	6.135564891081739	1
215	12	7	0	0	0	4.770684624465665	1
216	23	12	1	0	0	5.267858159063328	0
217	8	1	1	0	0	4.532599493153256	1
218	16	6	1	1	0	5.017279836814924	1
219	12	2	1	1	0	4.653960350157523	0
220	9	4	1	0	1	4.709530201312334	1
221	24	14	1	0	1	5.659482215759621	0
222	5	0	0	0	0	4.0943445622221	1
223	15	7	1	0	0	4.718498871295094	1
224	13	2	1	0	1	5.0369526024136295	0
225	6	2	1	0	0	4.02535169073515	0
226	5	0	1	0	1	4.499809670330265	0
227	3	4	1	1	1	4.867534450455582	1
228	12	7	1	0	1	4.836281906951478	0
229	19	7	1	0	0	5.123963979403259	1
230	11	2	1	1	1	4.836281906951478	0
231	13	4	1	0	0	5.556828061699537	1
232	5	0	1	0	0	4.0943445622221	0
233	23	4	1	0	0	5.356586274672012	0
234	7	4	1	0	1	4.844187086458591	0
235	6	3	1	0	0	4.406719247264253	0
236	25	8	1	0	0	5.556828061699537	0
237	20	7	1	0	0	5.521460917862246	1
238	16	8	1	0	1	5.442417710521793	0
239	6	2	1	0	0	4.330733340286331	0
240	5	3	1	0	0	4.852030263919617	1
241	14	7	1	0	0	5.075173815233827	0
242	10	3	1	0	0	4.709530201312334	1
243	13	6	1	0	0	5.117993812416755	0
244	15	3	1	0	0	5.0106352940962555	1
245	7	0	1	0	0	4.477336814478207	1
246	16	8	1	0	1	5.501258210544727	0
247	10	3	1	0	1	5.111987788356544	0
248	10	6	1	0	0	5.220355825078324	1
249	7	1	1	0	1	4.875197323201151	0
250	15	9	1	0	1	5.484796933490655	0
251	2	2	1	0	1	4.553876891600541	1
252	9	1	1	0	0	4.77912349311153	1
253	7	4	0	0	0	4.356708826689592	0
254	18	4	1	0	0	4.927253685157205	1
255	12	3	1	0	0	4.912654885736052	1
256	6	8	0	2	1	4.948759890378168	1
257	12	10	1	0	0	5.4116460518550396	0
258	7	7	1	1	1	4.997212273764115	0
259	7	3	0	0	0	4.624972813284271	0
260	14	3	1	1	0	5.0106352940962555	1
261	21	10	1	0	0	5.8664680569332965	1
262	13	6	1	0	1	5.267858159063328	0
263	18	4	1	0	0	5.153291594497779	1
264	6	0	1	0	0	4.672828834461906	0
265	16	2	1	0	0	5.187385805840755	0
266	16	9	1	0	0	5.579729825986222	0
267	10	3	1	1	0	4.804021044733257	0
268	6	2	1	0	1	5.075173815233827	1
269	20	7	1	0	0	5.476463551931511	0
270	9	1	1	0	0	4.820281565605037	1
271	6	4	1	2	1	4.962844630259907	1
272	4	2	1	0	0	4.812184355372417	0
273	11	4	0	0	0	4.859812404361672	1
274	10	0	1	0	0	4.189654742026425	1
275	31	18	1	0	1	6.1070228877422545	0
276	29	15	1	3	0	5.75890177387728	0
277	12	1	1	0	0	5.0106352940962555	0
278	11	1	0	0	0	4.406719247264253	1
279	7	3	1	0	0	4.844187086458591	0
280	16	6	1	0	0	5.030437921392435	0
281	9	2	1	0	1	4.875197323201151	0
282	11	11	1	0	0	4.948759890378168	0
283	6	5	1	0	0	4.795790545596741	0
284	12	2	1	0	1	4.718498871295094	1
285	12	5	1	1	0	5.241747015059643	0
286	4	2	1	0	0	4.0943445622221	1
287	16	18	1	0	0	5.831882477283517	0
288	8	2	0	0	0	4.61512051684126	1
289	14	7	1	0	0	5.056245805348308	0
290	29	4	1	0	1	5.68697535633982	1
291	5	0	1	0	0	4.219507705176107	1
292	6	0	1	0	0	4.219507705176107	1
293	3	1	1	0	0	4.343805421853684	0
294	13	0	1	0	0	5.272999558563747	0
295	7	2	1	0	0	4.204692619390966	1
296	11	1	0	0	0	3.9889840465642745	1
297	7	2	1	0	0	4.867534450455582	0
298	3	3	0	0	1	4.31748811353631	0
299	30	8	1	1	0	5.66988092298052	0
300	35	37	1	0	1	6.363028103540465	0
301	4	3	0	0	0	4.406719247264253	1
302	9	3	1	0	0	4.890349128221754	1
303	8	1	1	0	0	4.454347296253507	0
304	6	2	1	0	0	4.110873864173311	0
305	11	10	1	0	0	4.795790545596741	0
306	6	2	1	0	0	4.204692619390966	1
307	6	1	1	0	0	4.2626798770413155	1
308	5	2	1	0	0	4.060443010546419	0
309	32	10	1	0	0	5.755742213586912	0
310	13	1	1	0	0	4.882801922586371	1
311	8	4	1	0	0	4.976733742420574	0
312	13	1	1	0	1	5.278114659230517	0
313	26	9	1	0	0	5.720311776607412	0
314	5	2	1	0	0	4.110873864173311	0
315	10	5	1	1	0	4.867534450455582	0
316	14	4	1	0	0	5.003946305945459	0
317	17	14	0	1	0	5.749392985908253	0
318	7	2	1	0	0	4.736198448394496	0
319	16	2	1	0	1	5.480638923341991	0
320	14	4	1	0	0	5.003946305945459	0
321	22	3	0	0	0	4.927253685157205	1
322	12	5	1	0	0	4.948759890378168	0
323	10	3	1	0	1	5.187385805840755	0
324	12	2	1	0	1	5.2832037287379885	1
325	12	7	1	0	1	5.308267697401205	0
326	4	2	1	0	1	4.5217885770490405	1
327	28	5	1	0	0	5.521460917862246	0
328	2	3	1	0	0	4.174387269895637	0
329	2	2	1	0	0	4.189654742026425	1
330	24	15	1	0	0	5.971261839790462	0
331	10	3	1	0	1	4.74493212836325	1
332	19	0	1	1	1	5.209486152841421	1
333	3	4	1	0	0	4.189654742026425	1
334	6	6	1	0	0	4.762173934797756	0
335	10	5	1	0	0	5.1647859739235145	0
336	32	10	1	0	0	5.6131281063880705	1
337	12	5	1	0	0	4.983606621708336	0
338	16	4	1	0	1	5.54907608489522	1
339	11	6	1	0	0	5.081404364984463	0
340	13	8	1	0	0	4.875197323201151	0
341	11	3	1	0	0	5.318119993844216	1
342	14	9	1	2	1	5.420534999272286	0
343	18	5	1	0	1	5.583496308781699	0
344	10	7	0	0	0	4.77912349311153	0
345	20	9	1	0	1	5.703782474656201	0
346	11	7	1	0	1	5.393627546352362	0
347	7	4	0	0	1	4.5217885770490405	1
348	12	2	1	0	0	4.204692619390966	1
349	13	1	0	0	1	4.74493212836325	1
350	19	6	1	0	0	5.247024072160486	1
351	15	6	1	0	0	5.278114659230517	0
352	10	0	1	0	1	4.605170185988092	0
353	9	2	1	0	0	4.68213122712422	1
354	18	17	1	0	1	5.62040086571715	1
355	5	1	1	0	0	4.110873864173311	0
356	3	3	1	0	0	4.0943445622221	1
357	12	6	1	1	0	5.14166355650266	0
358	5	5	1	0	0	4.812184355372417	0
359	11	7	1	0	1	5.303304908059076	0
360	4	3	1	0	0	4.68213122712422	1
361	1	0	1	0	0	4.990432586778736	0
362	28	15	1	1	1	5.666426688112432	0
363	11	7	1	0	1	5.135798437050262	0
364	22	8	1	0	0	5.605802066295998	0
365	14	1	1	0	0	4.983606621708336	1
366	15	11	1	0	0	5.455321115357702	0
367	9	2	1	0	0	4.290459441148391	1
368	13	12	1	1	0	5.940171252720432	0
369	18	8	1	0	0	5.225746673713202	0
370	9	4	1	0	1	4.8283137373023015	1
371	7	4	1	0	1	4.6443908991413725	0
372	27	8	1	0	0	5.777652323222656	0
373	13	6	1	0	0	4.7535901911063645	0
374	8	3	1	0	0	4.9344739331306915	0
375	2	2	1	0	0	4.02535169073515	1
376	13	8	1	0	1	5.288267030694535	0
377	11	4	1	0	0	4.912654885736052	1
378	6	4	1	0	0	4.844187086458591	0
379	8	5	1	0	0	4.941642422609304	0
380	16	7	1	0	0	4.919980925828125	1
381	14	7	1	0	0	4.90527477843843	0
382	10	2	1	0	0	4.330733340286331	1
383	8	1	1	0	1	4.465908118654584	0
384	17	3	1	1	0	4.912654885736052	0
385	3	2	1	0	1	4.07753744390572	0
386	16	1	0	0	0	4.820281565605037	1
387	6	2	1	0	0	4.127134385045092	1
388	6	1	1	1	1	5.19295685089021	1
389	22	17	1	0	0	5.579729825986222	0
390	5	2	0	1	0	4.204692619390966	0
391	12	2	1	0	0	4.844187086458591	1
392	10	9	1	0	1	4.983606621708336	0
393	15	7	1	0	0	5.081404364984463	0
394	16	2	1	0	0	5.062595033026967	0
395	28	13	1	1	1	5.7430031878094825	1
396	10	4	1	1	0	4.672828834461906	0
397	13	3	1	0	0	4.948759890378168	0
398	20	8	1	0	0	5.093750200806762	1
399	12	5	1	0	1	4.852030263919617	0
400	10	10	1	0	0	5.247024072160486	0
401	6	3	0	0	0	4.204692619390966	1
402	8	3	1	0	0	5.117993812416755	1
403	22	10	1	0	0	5.82600010738045	0
404	5	7	1	0	0	5.017279836814924	1
405	10	4	1	0	1	4.90527477843843	0
406	17	6	1	0	0	5.529429087511423	0
407	13	4	1	0	1	4.8283137373023015	1
408	11	2	1	0	1	5.1298987149230735	1
409	30	15	1	0	0	6.09807428216624	1
410	12	2	1	0	1	4.867534450455582	0
411	6	1	1	0	0	4.219507705176107	0
412	11	3	1	0	0	4.7535901911063645	1
413	7	2	1	0	0	4.663439094112067	1
414	14	3	1	0	0	5.135798437050262	1
415	5	5	1	0	0	4.8283137373023015	0
416	19	5	1	1	0	4.844187086458591	0
417	13	0	1	0	0	4.248495242049359	1
418	6	5	1	0	0	4.68213122712422	1
419	11	5	1	0	0	5.0369526024136295	0
420	3	0	1	0	0	3.9318256327243257	1
421	16	1	0	0	0	4.8283137373023015	1
422	21	7	1	0	0	5.480638923341991	1
423	8	1	1	0	0	4.709530201312334	0
424	15	4	1	0	0	4.709530201312334	1
425	10	1	0	0	0	4.060443010546419	1
426	16	7	1	0	0	4.820281565605037	1
427	16	6	1	0	1	5.564520407322694	1
428	11	4	1	0	1	5.153291594497779	1
429	6	2	0	0	0	4.23410650459726	1
430	9	8	1	0	0	5.313205979041787	0
431	7	1	1	0	0	4.174387269895637	1
432	17	1	1	0	0	4.762173934797756	1
433	22	6	1	0	0	5.552959584921617	0
434	13	2	1	0	0	4.770684624465665	1
435	3	2	1	0	0	4.219507705176107	1
436	17	4	1	0	0	4.997212273764115	0
437	14	4	0	0	1	4.736198448394496	1
438	7	2	1	0	0	4.867534450455582	1
439	10	3	1	0	0	4.919980925828125	0
440	3	1	1	0	0	4.31748811353631	1
441	6	3	1	0	0	4.8283137373023015	0
442	11	1	1	0	0	4.574710978503383	1
443	12	5	1	0	0	4.955827057601261	0
444	3	3	1	0	1	4.762173934797756	1
445	20	6	1	0	0	5.572154032177765	1
446	8	1	0	0	0	4.204692619390966	1
447	6	3	1	0	1	4.574710978503383	0
448	13	2	1	0	0	4.718498871295094	1
449	11	10	1	0	1	5.2832037287379885	0
450	11	3	0	0	0	4.859812404361672	1
451	14	3	1	0	0	4.836281906951478	1
452	4	1	1	0	0	4.1588830833596715	0
453	17	5	1	0	0	5.337538079701318	0
454	17	8	1	0	0	5.817111159963204	1
455	14	5	1	0	1	5.560681631015528	0
456	11	0	0	0	0	4.394449154672439	0
457	8	2	1	0	0	4.553876891600541	1
458	10	6	1	0	0	4.812184355372417	1
459	13	3	0	0	0	4.9344739331306915	1
460	5	3	1	1	0	5.10594547390058	0
461	33	16	1	6	1	6.385194398997726	0
462	6	5	1	0	0	4.454347296253507	0
463	17	8	1	0	0	5.0106352940962555	0
464	5	6	1	0	0	4.499809670330265	0
465	10	5	1	0	1	4.787491742782046	1
466	14	6	1	1	1	5.517452896464707	0
467	28	6	1	0	0	5.814130531825066	0
468	11	3	1	0	1	4.718498871295094	0
469	12	2	1	0	1	5.0106352940962555	0
470	18	3	1	0	0	5.337538079701318	1
471	7	7	1	1	0	5.313205979041787	0
472	20	9	1	0	1	5.855071922202427	0
473	10	3	1	1	0	4.90527477843843	0
474	12	0	1	0	0	5.262690188904886	1
475	9	8	1	1	1	5.267858159063328	0
476	10	4	1	0	0	4.912654885736052	0
477	18	5	1	0	1	5.209486152841421	1
478	10	3	0	0	1	4.912654885736052	1
479	20	11	1	2	1	6.0014148779611505	1
480	11	1	0	0	0	4.174387269895637	1
481	4	2	0	0	1	4.941642422609304	1
482	14	6	1	1	0	5.267858159063328	0
483	9	3	1	0	0	4.394449154672439	0
484	9	5	1	1	0	5.003946305945459	1
485	6	4	1	0	0	4.454347296253507	0
486	8	2	0	0	0	4.330733340286331	1
487	17	5	1	0	0	4.927253685157205	0
488	24	19	1	0	0	6.20455776256869	0
489	10	3	1	0	0	4.867534450455582	0
490	14	1	1	0	0	5.170483995038151	0
491	15	5	1	0	0	5.393627546352362	0
492	12	4	1	0	0	5.003946305945459	0
493	8	4	0	0	0	4.04305126783455	1
494	23	5	1	0	1	6.042632833682381	0
495	11	6	1	0	1	5.1647859739235145	0
496	11	5	1	0	1	4.77912349311153	0
497	8	6	1	0	0	4.890349128221754	1
498	6	2	1	0	0	4.07753744390572	0
499	7	4	1	1	0	5.0238805208462765	1
500	20	15	1	1	1	6.144185634125646	0
501	14	5	1	0	0	4.77912349311153	0
502	1	2	1	0	0	4.1588830833596715	0
503	10	2	0	0	1	4.7535901911063645	1
504	3	2	1	0	0	4.290459441148391	1
505	9	9	1	1	0	4.787491742782046	0
506	13	2	0	1	0	4.820281565605037	0
507	10	1	1	0	0	4.90527477843843	1
508	8	4	1	0	0	5.075173815233827	0
509	7	4	1	0	1	4.927253685157205	0
510	38	18	1	0	0	6.152732694704104	0
511	10	1	1	0	0	4.718498871295094	1
512	12	5	1	0	0	5.0689042022202315	0
513	19	7	1	0	0	5.187385805840755	0
514	19	2	1	0	0	5.198497031265826	1
515	10	6	1	1	1	4.927253685157205	0
516	5	7	1	0	0	4.852030263919617	1
517	2	4	1	0	1	4.23410650459726	0
518	10	3	1	0	0	4.890349128221754	0
519	14	7	1	0	0	4.941642422609304	0
520	21	5	1	0	0	5.60947179518496	0
521	10	1	1	0	1	4.605170185988092	1
522	7	1	1	0	0	5.030437921392435	0
523	7	2	1	0	1	4.709530201312334	1
524	20	13	1	0	0	5.68697535633982	1
525	12	3	1	0	0	5.241747015059643	0
526	5	4	0	0	1	4.795790545596741	1
527	8	5	1	0	0	4.718498871295094	1
528	19	5	1	1	1	5.099866427824199	1
529	7	2	0	0	0	4.499809670330265	1
530	11	14	1	0	1	5.58724865840025	0
531	4	1	0	0	0	4.07753744390572	1
532	7	1	1	0	0	4.820281565605037	1
533	6	0	1	0	0	4.605170185988092	0
534	8	1	1	0	0	4.6913478822291435	0
535	7	7	1	0	1	5.153291594497779	0
536	7	4	0	0	0	4.51085950651685	0
537	21	1	1	0	1	4.948759890378168	1
538	12	4	1	0	1	4.867534450455582	0
539	8	6	1	1	0	5.204006687076795	0
540	23	4	1	0	1	5.420534999272286	1
541	14	3	0	0	0	5.0689042022202315	0
542	11	6	1	0	0	5.351858133476067	0
543	2	1	1	0	1	4.248495242049359	1
544	8	0	1	0	0	4.553876891600541	0
545	11	3	0	0	0	4.465908118654584	0
546	8	1	1	0	0	4.8283137373023015	0
547	15	5	1	0	0	5.030437921392435	1
548	12	6	1	0	0	5.081404364984463	1
549	27	12	1	0	0	5.929589143389895	0
550	11	3	1	0	0	4.997212273764115	0
551	9	1	0	2	0	4.499809670330265	1
552	6	2	1	0	0	4.727387818712341	0
553	19	7	1	1	1	5.424950017481403	1
554	12	4	1	2	0	5.2832037287379885	1
555	3	1	1	0	1	4.442651256490317	0
556	9	3	1	0	0	4.430816798843313	0
557	12	6	1	0	1	5.181783550292085	1
558	22	23	1	0	0	5.6131281063880705	0
559	10	3	1	0	0	4.736198448394496	0
560	8	2	1	2	0	4.68213122712422	1
561	11	3	1	0	0	4.990432586778736	0
562	9	4	1	0	0	5.087596335232384	0
563	20	10	1	0	1	5.521460917862246	0
564	11	2	1	0	0	4.852030263919617	1
565	24	15	1	0	1	5.805134968916488	1
566	4	2	0	1	0	4.382026634673881	1
567	7	4	1	0	0	5.10594547390058	0
568	20	16	1	0	1	5.883322388488279	0
569	8	2	1	0	1	4.7535901911063645	0
570	9	9	1	0	1	5.0238805208462765	0
571	10	2	1	0	0	4.787491742782046	0
572	19	3	1	0	0	4.820281565605037	1
573	6	3	0	0	0	4.31748811353631	1
574	21	8	1	2	1	5.707110264748875	1
575	6	10	1	0	1	4.8283137373023015	0
576	7	4	1	0	0	4.356708826689592	1
577	18	8	1	1	0	5.5053315359323625	0
578	3	1	1	0	0	4.634728988229636	0
579	7	7	1	0	1	4.48863636973214	0
580	16	11	1	0	0	5.267858159063328	0
581	14	9	1	0	0	5.1298987149230735	0
582	2	2	1	0	0	4.553876891600541	0
583	11	4	1	0	1	5.075173815233827	0
584	6	2	1	0	0	4.204692619390966	0
585	14	0	0	2	0	4.804021044733257	1
586	13	11	1	0	1	5.5909869805108565	0
587	15	2	1	0	1	4.948759890378168	1
588	7	1	1	0	0	4.574710978503383	1
589	6	3	1	0	0	4.997212273764115	0
590	11	2	1	0	1	4.820281565605037	0
591	4	1	0	0	0	4.465908118654584	1
592	4	2	1	0	0	5.017279836814924	1
593	10	6	1	0	1	4.912654885736052	1
594	4	3	1	0	0	5.017279836814924	0
595	3	0	1	0	1	4.31748811353631	0
596	5	2	1	0	1	4.804021044733257	0
597	11	4	1	0	0	4.990432586778736	1
598	6	1	1	1	1	4.7535901911063645	1
599	37	16	1	0	0	6.049733455231958	0
600	16	4	1	0	1	5.14166355650266	1
601	13	1	1	0	0	4.727387818712341	1
602	9	4	1	0	0	4.859812404361672	0
603	12	2	1	0	1	4.61512051684126	1
604	16	2	1	0	0	4.8283137373023015	1
605	15	12	1	0	1	5.402677381872279	0
606	9	3	1	0	0	5.0689042022202315	0
607	6	1	1	0	0	4.3694478524670215	0
608	14	3	1	2	0	4.948759890378168	1
609	5	2	0	0	0	4.110873864173311	1
610	17	1	1	0	1	5.476463551931511	0
611	15	5	1	0	0	5.3471075307174685	0
612	11	3	0	0	0	4.890349128221754	1
613	14	5	1	0	0	5.5909869805108565	0
614	7	9	1	0	0	5.017279836814924	0
615	15	6	1	3	1	5.393627546352362	1
616	12	6	1	1	0	5.683579767338681	0
617	9	4	1	0	0	5.003946305945459	0
618	10	1	1	0	0	4.7535901911063645	1
619	16	6	1	0	0	5.3612921657094255	0
620	8	0	1	0	0	4.553876891600541	1
621	12	1	1	0	0	5.198497031265826	1
622	21	4	1	2	1	5.579729825986222	1
623	6	3	1	0	0	4.276666119016055	0
624	8	1	1	0	1	4.663439094112067	1
625	4	8	1	0	0	5.25227342804663	0
626	45	12	1	0	0	6.298949246855942	1
627	12	1	1	1	0	4.844187086458591	1
628	7	6	1	2	1	5.10594547390058	1
629	10	2	1	1	0	4.6913478822291435	0
630	16	6	1	0	0	5.087596335232384	0
631	5	4	1	0	0	4.430816798843313	0
632	5	5	1	1	0	4.564348191467836	0
633	18	3	1	1	1	5.10594547390058	0
634	8	0	1	0	0	4.406719247264253	1
635	13	4	1	0	0	5.393627546352362	0
636	14	11	1	2	1	5.4638318050256105	0
637	5	7	1	0	1	4.90527477843843	0
638	12	3	1	0	0	4.882801922586371	0
639	6	3	1	0	1	4.8283137373023015	0
640	6	0	1	0	0	4.406719247264253	1
641	19	2	1	0	0	5.093750200806762	0
642	5	3	1	0	0	4.6913478822291435	1
643	10	4	1	0	0	4.709530201312334	0
644	13	6	1	0	1	5.170483995038151	0
645	23	19	1	0	1	6.030685260261263	0
646	4	0	1	0	0	4.394449154672439	1
647	25	7	1	0	0	5.84354441703136	1
648	17	5	1	2	0	5.493061443340548	1
649	18	3	1	0	1	5.420534999272286	0
650	8	6	1	0	1	4.787491742782046	0
651	36	21	1	0	1	6.280395838960195	0
652	11	4	1	0	0	4.8283137373023015	1
653	6	5	1	0	1	4.584967478670572	0
654	10	4	1	1	0	5.043425116919247	0
655	12	4	1	0	0	5.062595033026967	1
656	6	2	1	0	0	4.007333185232471	1
657	10	1	1	0	0	5.081404364984463	0
658	6	10	1	0	1	5.4116460518550396	0
659	14	5	1	0	1	5.030437921392435	0
660	14	5	1	0	0	5.4638318050256105	1
661	6	2	1	0	0	4.394449154672439	1
662	6	3	1	0	0	4.969813299576001	0
663	12	8	1	0	0	4.976733742420574	1
664	16	4	1	1	1	5.6131281063880705	0
665	10	5	1	0	0	4.6913478822291435	0
666	6	0	0	0	0	4.204692619390966	1
667	12	0	1	0	0	4.31748811353631	1
668	15	7	1	0	1	5.3981627015177525	0
669	10	2	0	1	1	4.532599493153256	1
670	16	8	1	0	1	5.5053315359323625	0
671	8	2	0	0	0	4.060443010546419	1
672	16	6	1	0	0	5.5134287461649825	0
673	28	8	1	0	1	5.918893854273146	0
674	12	2	1	0	0	4.553876891600541	1
675	9	6	1	0	1	4.897839799950911	1
676	8	4	1	0	0	4.465908118654584	0
677	21	4	1	0	0	5.3230099791384085	0
678	15	8	1	0	0	5.225746673713202	0
679	17	3	1	0	0	5.332718793265369	0
680	12	6	1	0	1	5.030437921392435	1
681	25	10	1	0	0	5.777652323222656	0
682	5	2	1	0	0	3.9318256327243257	0
683	10	6	1	1	1	5.181783550292085	1
684	8	3	1	0	0	4.6913478822291435	1
685	10	1	1	0	1	4.882801922586371	1
686	9	2	1	0	0	4.820281565605037	0
687	1	2	1	0	0	4.127134385045092	0
688	12	2	1	0	0	4.68213122712422	1
689	5	3	1	0	0	4.564348191467836	0
690	10	6	1	0	0	5.0238805208462765	0
691	4	1	0	0	0	4.30406509320417	1
692	23	8	1	0	0	5.616771097666572	1
693	19	3	1	0	0	4.762173934797756	1
694	7	1	1	0	0	4.394449154672439	1
695	14	4	1	2	0	4.543294782270004	1
696	9	4	0	0	1	5.003946305945459	1
697	11	1	0	1	0	4.430816798843313	1
698	10	5	1	0	0	5.442417710521793	0
699	11	2	1	0	0	4.672828834461906	0
700	16	7	0	0	0	4.997212273764115	1
701	12	4	1	0	1	4.762173934797756	1
702	10	2	1	0	1	4.969813299576001	0
703	2	4	1	0	0	4.31748811353631	0
704	12	5	1	0	1	5.337538079701318	0
705	32	23	1	0	0	6.261491684321042	1
706	5	1	1	0	0	4.51085950651685	0
707	4	7	1	0	0	4.919980925828125	0
708	19	3	1	0	0	5.135798437050262	1
709	9	4	1	1	1	4.859812404361672	1
710	30	19	1	0	0	6.359573868672378	0
711	16	11	1	0	1	5.365976015021851	0
712	17	4	1	1	0	5.545177444479562	0
713	2	5	1	0	0	4.23410650459726	0
714	18	4	1	0	0	5.19295685089021	1
715	7	1	0	0	0	4.718498871295094	1
716	9	1	1	0	1	4.727387818712341	1
717	13	7	1	0	0	5.342334251964811	1
718	2	2	1	0	0	4.343805421853684	0
719	14	3	1	0	0	5.19295685089021	1
720	24	4	1	0	0	5.117993812416755	0
721	9	3	1	0	1	4.897839799950911	1
722	18	2	1	1	0	5.093750200806762	1
723	11	2	1	0	0	5.075173815233827	0
724	10	2	0	0	0	4.356708826689592	1
725	6	1	1	0	0	4.584967478670572	1
726	15	3	1	0	0	4.836281906951478	1
727	20	7	1	1	1	5.802118375377063	1
728	18	3	1	0	0	4.700480365792417	1
729	16	3	1	0	0	5.429345628954441	1
730	25	3	1	0	0	5.501258210544727	1
731	9	6	1	0	0	4.90527477843843	0
732	7	3	1	0	0	4.867534450455582	0
733	4	1	1	0	1	5.075173815233827	0
734	7	4	1	0	0	4.890349128221754	1
735	15	3	1	0	1	5.476463551931511	1
736	17	12	1	0	0	5.135798437050262	1
737	6	2	1	0	0	4.836281906951478	0
738	37	4	1	0	0	5.556828061699537	1
739	7	2	1	0	1	4.7535901911063645	1
740	7	2	1	0	0	4.574710978503383	1
741	17	4	1	0	0	4.77912349311153	1
742	22	8	1	1	1	5.720311776607412	0
743	11	8	1	0	0	4.624972813284271	1
744	19	7	1	0	1	5.849324779946859	0
745	4	2	0	0	0	4.770684624465665	0
746	7	8	1	0	0	5.198497031265826	0
747	10	1	0	0	0	4.07753744390572	0
748	17	11	1	0	1	5.3981627015177525	0
749	27	10	1	1	0	5.755742213586912	0
750	23	15	1	0	0	5.564520407322694	0
751	9	3	1	0	1	4.976733742420574	1
752	9	3	1	1	1	5.099866427824199	0
753	21	11	1	0	1	5.3706380281276624	0
754	17	8	1	0	1	5.814130531825066	0
755	13	11	1	0	1	4.890349128221754	1
756	7	1	1	0	0	4.48863636973214	1
757	7	1	1	0	0	4.356708826689592	1
758	7	1	1	1	1	4.3694478524670215	1
759	16	8	1	0	0	5.605802066295998	0
760	5	2	1	0	0	4.700480365792417	0
761	3	1	1	0	0	4.356708826689592	1
762	32	11	1	0	1	5.932245187448011	1
763	16	4	1	0	0	4.969813299576001	1
764	5	4	1	0	0	3.9318256327243257	0
765	19	3	1	0	1	5.272999558563747	0
766	0	2	1	0	0	4.2626798770413155	0
767	10	3	1	0	0	4.9344739331306915	0
768	34	13	1	1	0	6.184148890937483	0
769	8	1	1	0	0	4.3694478524670215	1
770	36	2	1	1	0	5.831882477283517	1
771	5	0	1	1	0	4.68213122712422	0
772	14	2	1	0	1	5.0238805208462765	1
773	16	8	1	0	0	5.056245805348308	0
774	22	4	1	0	1	5.41610040220442	0
775	13	13	1	2	1	5.493061443340548	0
776	2	4	0	0	1	4.770684624465665	1
777	5	2	1	0	0	4.204692619390966	0
778	18	6	1	0	0	5.181783550292085	1
779	6	5	1	0	0	4.6913478822291435	0
780	11	2	1	1	0	4.90527477843843	1
781	6	3	1	0	0	4.276666119016055	1
782	2	7	1	0	1	3.912023005428146	0
783	7	6	0	1	0	5.062595033026967	0
784	11	8	1	0	1	4.634728988229636	0
785	11	5	1	0	0	4.6913478822291435	0
786	5	1	1	0	0	4.709530201312334	1
787	6	2	1	0	0	4.060443010546419	0
788	20	5	1	0	0	5.4510384535657	0
789	8	4	1	0	1	5.0106352940962555	0
790	11	6	1	0	0	4.882801922586371	0
791	4	1	1	1	1	4.941642422609304	0
792	19	5	1	1	0	5.159055299214529	1
793	14	10	1	0	1	5.37989735354046	1
794	14	8	1	0	0	5.293304824724492	0
795	10	5	1	0	1	5.0369526024136295	0
796	15	3	1	0	0	5.3471075307174685	1
797	17	4	1	0	0	5.062595033026967	0
798	14	2	1	0	0	4.912654885736052	0
799	17	2	1	0	0	5.236441962829949	0
800	21	20	1	0	0	5.755742213586912	0
801	6	0	1	0	0	3.9889840465642745	1
802	1	4	1	0	0	4.663439094112067	0
803	10	3	1	0	0	5.170483995038151	0
804	5	2	1	0	0	4.68213122712422	1
805	4	1	1	0	0	4.007333185232471	0
806	8	4	1	0	0	4.394449154672439	0
807	1	8	1	0	1	4.532599493153256	0
808	5	1	0	0	0	4.394449154672439	1
809	7	3	1	0	0	4.74493212836325	1
810	9	2	0	0	0	4.672828834461906	1
811	5	1	1	0	0	4.0943445622221	1
812	12	4	1	0	1	5.153291594497779	0
813	12	6	1	0	0	5.030437921392435	0
814	18	2	1	0	0	4.997212273764115	0
815	22	7	1	0	0	5.3981627015177525	0
816	9	0	1	0	0	4.248495242049359	1
817	8	2	1	0	0	4.68213122712422	1
818	24	2	1	0	0	5.568344503761097	0
819	7	1	0	0	0	4.219507705176107	1
820	14	5	1	0	0	5.209486152841421	0
821	13	2	1	0	0	5.049856007249537	0
822	12	6	1	0	0	4.844187086458591	1
823	18	5	1	0	1	5.14166355650266	1
824	9	9	1	0	0	5.3471075307174685	0
825	11	0	0	0	0	4.219507705176107	1
826	21	5	1	1	0	5.117993812416755	0
827	12	5	1	0	0	4.804021044733257	0
828	2	1	1	0	1	4.7535901911063645	1
829	4	8	1	0	0	4.709530201312334	0
830	2	2	1	0	0	4.31748811353631	0
831	11	7	1	0	1	5.075173815233827	0
832	11	5	0	1	1	4.74493212836325	0
833	23	10	1	0	1	5.537334267018537	0
834	6	0	1	0	0	4.02535169073515	0
835	12	6	1	0	0	5.231108616854587	0
836	15	5	1	0	0	5.209486152841421	0
837	16	0	1	0	1	4.948759890378168	1
838	15	5	1	0	0	5.093750200806762	0
839	16	3	0	0	0	4.890349128221754	1
840	4	4	0	0	0	4.2626798770413155	0
841	10	1	1	0	0	4.356708826689592	1
842	12	15	1	0	0	5.697093486505405	0
843	5	0	0	1	0	4.110873864173311	1
844	7	5	1	1	0	4.8283137373023015	0
845	2	3	1	0	0	4.02535169073515	0
846	37	7	1	0	1	5.60947179518496	1
847	17	14	1	0	0	5.66988092298052	0
848	11	4	1	0	0	5.0689042022202315	0
849	11	5	1	0	0	4.859812404361672	1
850	7	4	1	0	0	4.553876891600541	1
851	7	5	0	0	0	4.6913478822291435	1
852	33	12	1	0	0	6.09807428216624	0
853	14	4	1	0	1	5.181783550292085	1
854	0	1	0	0	0	3.912023005428146	0
855	5	0	1	0	0	4.465908118654584	0
856	11	0	0	0	0	4.584967478670572	1
857	3	2	1	0	0	4.430816798843313	0
858	12	10	1	0	1	5.3706380281276624	1
859	9	6	1	0	1	4.875197323201151	1
860	16	6	1	0	0	5.4116460518550396	0
861	4	2	1	0	1	4.727387818712341	0
862	7	3	1	0	0	4.330733340286331	1
863	6	6	1	0	0	4.718498871295094	0
864	12	7	1	0	1	5.497168225293202	0
865	8	12	1	0	0	5.198497031265826	1
866	17	4	0	0	0	4.762173934797756	1
867	10	3	1	0	1	5.3706380281276624	0
868	34	14	1	0	1	6.073044534100405	1
869	1	5	1	0	1	4.700480365792417	0
870	6	1	0	0	0	4.343805421853684	1
871	10	2	1	0	0	5.056245805348308	0
872	10	0	1	0	0	4.394449154672439	0
873	12	7	0	0	0	4.77912349311153	1
874	4	0	1	0	1	4.477336814478207	1
875	21	10	1	0	0	5.659482215759621	0
876	12	6	1	0	1	5.308267697401205	1
877	3	2	1	0	0	4.477336814478207	0
878	6	2	1	0	0	4.605170185988092	0
879	6	0	1	0	0	4.77912349311153	1
880	22	6	1	0	0	5.267858159063328	1
881	5	0	0	0	0	4.060443010546419	1
882	3	0	1	0	0	4.127134385045092	1
883	9	7	1	0	0	5.181783550292085	0
884	15	5	1	0	0	4.969813299576001	1
885	6	1	1	0	0	4.574710978503383	0
886	9	2	1	0	0	4.820281565605037	1
887	12	8	1	0	0	5.37989735354046	0
888	14	11	1	0	1	5.220355825078324	0
889	25	9	1	0	0	5.846438775057725	0
890	13	8	1	0	1	4.812184355372417	0
891	3	1	1	0	0	4.564348191467836	0
892	17	16	1	0	0	5.598421958998375	0
893	5	2	1	0	0	4.672828834461906	0
894	9	1	1	0	0	4.941642422609304	0
895	9	2	1	0	1	4.736198448394496	1
896	9	3	1	0	1	5.093750200806762	0
897	8	7	1	1	1	5.123963979403259	0
898	11	1	1	0	0	4.30406509320417	1
899	9	2	1	0	1	4.787491742782046	0
900	14	2	1	0	0	5.123963979403259	0
901	26	9	1	0	1	6.118097198041348	0
902	9	5	1	1	1	5.181783550292085	1
903	8	7	1	0	0	5.198497031265826	0
904	28	10	1	0	0	5.7745515455444085	0
905	2	5	1	0	1	4.2626798770413155	1
906	17	12	1	0	0	5.480638923341991	0
907	9	9	1	0	1	4.859812404361672	1
908	7	0	0	0	0	4.543294782270004	1
909	7	5	1	0	0	4.852030263919617	0
910	30	6	1	0	1	5.998936561946683	0
911	9	2	1	0	0	4.812184355372417	1
912	9	3	1	0	0	5.288267030694535	1
913	20	19	1	0	0	5.594711379601839	1
914	17	8	1	0	0	5.442417710521793	0
915	17	6	1	0	0	5.831882477283517	0
916	7	1	0	0	0	4.997212273764115	1
917	11	3	1	0	1	4.969813299576001	0
918	7	3	1	0	1	4.919980925828125	1
919	17	3	1	2	1	5.337538079701318	0
920	9	5	0	0	0	4.762173934797756	0
921	29	5	1	0	1	5.697093486505405	1
922	25	4	1	0	1	5.840641657373398	0
923	19	3	1	0	1	5.087596335232384	1
924	10	1	1	0	0	4.8283137373023015	1
925	16	2	1	3	0	5.351858133476067	0
926	8	1	1	0	0	4.0943445622221	1
927	5	7	1	0	1	5.003946305945459	0
928	22	3	1	2	0	5.726847747587197	0
929	5	4	1	1	0	4.736198448394496	0
930	23	11	1	1	1	5.8998973535824915	0
931	6	3	1	0	0	4.7535901911063645	0
932	11	7	1	0	0	4.955827057601261	0
933	16	4	1	1	0	5.19295685089021	1
934	19	8	1	0	1	5.739792912179234	0
935	17	9	1	0	0	5.420534999272286	1
936	12	0	1	1	0	4.418840607796598	1
937	16	10	1	0	0	5.568344503761097	0
938	10	3	1	0	1	5.438079308923196	0
939	12	7	1	0	1	5.365976015021851	0
940	8	2	0	0	1	4.663439094112067	1
941	15	5	1	1	1	5.497168225293202	0
942	24	21	1	0	0	6.1779441140506	0
943	34	5	1	0	1	5.916202062607435	1
944	9	7	1	0	0	5.389071729816501	0
945	12	1	1	0	1	4.672828834461906	0
946	23	8	1	0	1	5.605802066295998	0
947	19	10	1	1	0	5.902633333401366	0
948	9	9	1	0	0	4.68213122712422	0
949	7	9	1	0	0	4.7535901911063645	1
950	14	7	0	0	0	4.919980925828125	1
951	8	2	1	0	0	4.584967478670572	0
952	5	3	1	0	0	4.700480365792417	0
953	11	4	1	0	0	5.0369526024136295	0
954	27	5	1	0	1	6.066108090103747	0
955	8	2	1	0	0	4.709530201312334	0
956	15	4	1	0	1	4.812184355372417	1
957	10	6	1	0	0	5.153291594497779	1
958	7	2	1	1	0	4.983606621708336	1
959	21	4	1	1	1	5.135798437050262	0
960	2	1	1	0	0	4.143134726391533	0
961	38	11	1	0	1	6.259581464064923	0
962	7	5	1	0	0	5.272999558563747	1
963	11	6	1	0	1	5.117993812416755	0
964	26	5	0	1	1	5.231108616854587	1
965	22	3	1	0	0	5.147494476813453	1
966	22	6	1	0	1	5.459585514144159	0
967	8	4	1	0	0	4.553876891600541	0
968	8	6	1	0	0	4.127134385045092	0
969	8	2	1	0	0	4.718498871295094	1
970	20	14	1	1	1	5.981414211254481	0
971	9	7	0	0	0	4.955827057601261	1
972	12	3	1	0	0	4.927253685157205	0
973	5	1	1	0	1	4.61512051684126	1
974	13	3	1	0	0	4.859812404361672	0
975	5	0	0	0	0	4.30406509320417	0
976	25	11	1	0	1	5.869296913133774	0
977	7	4	1	0	0	4.976733742420574	0
978	11	6	1	0	0	5.030437921392435	0
979	10	5	0	1	0	4.90527477843843	0
980	3	1	1	0	0	4.290459441148391	0
981	8	1	1	0	0	4.330733340286331	0
982	6	0	1	0	0	4.51085950651685	0
983	14	5	1	0	0	4.919980925828125	1
984	6	0	1	0	0	4.553876891600541	1
985	6	2	1	0	0	4.189654742026425	1
986	11	4	1	0	0	5.288267030694535	0
987	8	2	1	0	0	4.343805421853684	1
988	10	5	1	0	0	4.882801922586371	1
989	17	11	1	0	1	5.5053315359323625	1
990	10	2	1	0	1	4.912654885736052	1
991	4	9	0	0	0	4.465908118654584	0
992	7	6	1	0	0	4.969813299576001	0
993	7	2	1	0	1	5.062595033026967	0
994	33	6	1	2	0	5.976350909297934	0
995	6	1	1	0	0	4.6443908991413725	1
996	12	3	1	0	0	5.111987788356544	1
997	23	7	1	0	0	5.493061443340548	1
998	14	1	0	1	0	4.795790545596741	1
999	12	10	1	0	1	5.049856007249537	0
1000	6	3	1	0	0	4.584967478670572	0
1001	12	10	1	1	1	5.389071729816501	1
1002	6	3	0	0	0	4.060443010546419	1
1003	8	1	0	0	0	4.454347296253507	1
1004	12	1	1	0	0	4.204692619390966	1
1005	13	11	1	0	1	5.231108616854587	1
1006	31	3	1	0	0	5.4638318050256105	1
1007	6	5	1	0	0	5.241747015059643	0
1008	12	5	1	0	0	4.8283137373023015	0
1009	17	10	1	0	0	5.262690188904886	1
1010	9	6	1	0	0	4.836281906951478	1
1011	6	2	0	0	0	4.276666119016055	1
1012	15	6	0	0	1	5.043425116919247	1
1013	10	3	1	0	0	4.948759890378168	0
1014	2	0	0	0	0	4.204692619390966	1
1015	8	0	1	0	0	4.672828834461906	1
1016	4	3	1	0	0	4.48863636973214	0
1017	4	0	0	0	0	4.248495242049359	1
1018	9	9	1	0	0	5.049856007249537	1
1019	28	9	1	0	0	5.43372200355424	0
1020	26	2	1	1	0	5.030437921392435	1
1021	9	7	1	1	0	5.181783550292085	0
1022	12	1	1	0	1	5.0106352940962555	1
1023	10	2	1	0	0	4.290459441148391	1
1024	21	9	1	0	1	5.730099782973574	1
1025	4	0	1	0	0	4.919980925828125	0
1026	26	5	1	0	0	5.4638318050256105	1
1027	11	4	1	0	0	4.941642422609304	1
1028	9	2	1	0	0	4.700480365792417	0
1029	6	3	0	0	0	4.382026634673881	1
1030	4	2	1	0	0	4.219507705176107	1
1031	9	2	1	0	0	5.153291594497779	0
1032	20	9	1	2	1	5.641907070938114	1
1033	9	3	0	0	0	4.962844630259907	1
1034	4	2	1	0	0	4.624972813284271	0
1035	12	2	1	0	0	5.099866427824199	0
1036	8	1	1	0	1	4.406719247264253	1
1037	3	1	1	0	0	4.060443010546419	0
1038	10	4	1	0	0	5.135798437050262	1
1039	11	4	1	0	0	4.875197323201151	1
1040	29	11	1	0	1	5.707110264748875	1
1041	1	3	1	0	1	4.0943445622221	0
1042	10	2	1	0	1	4.8283137373023015	0
1043	14	3	1	0	1	4.882801922586371	1
1044	4	2	1	0	1	4.890349128221754	1
1045	9	1	1	0	0	4.844187086458591	0
1046	13	5	1	0	0	5.14166355650266	0
1047	3	1	1	0	0	4.007333185232471	0
1048	16	5	1	0	0	5.247024072160486	1
1049	9	2	1	0	0	4.762173934797756	0
1050	18	2	1	0	1	5.075173815233827	1
1051	16	4	1	0	1	5.0689042022202315	0
1052	17	4	1	0	1	5.402677381872279	0
1053	10	10	1	0	1	5.564520407322694	0
1054	14	2	1	0	0	4.882801922586371	1
1055	19	3	1	0	1	5.602118820879701	0
1056	10	10	1	0	1	5.204006687076795	1
1057	5	4	1	0	0	4.51085950651685	0
1058	12	7	1	0	1	4.875197323201151	0
1059	11	6	1	0	1	5.2832037287379885	0
1060	12	4	1	0	0	5.017279836814924	0
1061	6	3	1	0	1	4.61512051684126	0
1062	17	7	1	0	0	5.241747015059643	0
1063	12	6	1	1	0	5.541263545158426	0
1064	14	8	1	0	1	4.867534450455582	0
1065	3	3	1	0	0	4.127134385045092	0
1066	7	1	1	0	0	4.499809670330265	0
1067	11	0	1	0	0	4.276666119016055	1
1068	7	5	1	0	1	4.787491742782046	0
1069	38	14	1	1	0	5.955837369464831	0
1070	2	3	1	1	0	4.3694478524670215	1
1071	11	1	1	0	0	4.442651256490317	0
1072	9	2	1	0	0	4.663439094112067	1
1073	10	12	1	0	1	5.247024072160486	1
1074	9	2	1	1	0	4.574710978503383	0
1075	13	2	1	0	0	5.075173815233827	1
1076	2	3	1	0	0	4.6913478822291435	0
1077	6	5	1	0	0	4.727387818712341	0
1078	15	14	1	0	0	5.43372200355424	0
1079	10	3	1	0	0	5.3471075307174685	1
1080	2	7	1	0	0	4.59511985013459	0
1081	8	1	0	0	1	4.382026634673881	1
1082	4	2	1	0	0	4.060443010546419	1
1083	16	6	1	0	0	5.393627546352362	0
1084	2	2	1	0	0	4.3694478524670215	0
1085	5	2	1	0	0	4.48863636973214	0
1086	18	3	1	0	0	5.225746673713202	1
1087	6	2	1	0	0	4.31748811353631	0
1088	25	8	1	0	1	5.697093486505405	1
1089	18	4	1	0	1	5.575949103146316	0
1090	12	2	1	1	1	5.030437921392435	0
1091	16	4	1	1	0	5.198497031265826	1
1092	8	1	0	0	0	3.970291913552122	1
1093	18	6	1	0	1	5.407171771460119	0
1094	11	6	1	0	1	5.017279836814924	1
1095	5	4	0	0	0	4.248495242049359	1
1096	14	4	1	0	0	4.955827057601261	1
1097	6	2	1	0	0	4.30406509320417	1
1098	6	1	1	1	0	4.382026634673881	0
1099	14	8	1	0	1	5.68697535633982	0
1100	15	7	1	0	0	5.170483995038151	0
1101	12	2	1	0	1	4.77912349311153	1
1102	13	8	1	0	0	4.9344739331306915	0
1103	10	4	1	0	0	4.736198448394496	0
1104	4	5	1	0	0	4.543294782270004	0
1105	10	7	1	0	0	4.948759890378168	0
1106	14	2	1	0	0	5.53338948872752	0
1107	23	11	1	0	1	5.8888779583328805	0
1108	6	4	1	0	0	4.836281906951478	1
1109	16	2	1	0	0	5.236441962829949	0
1110	13	4	1	0	1	5.568344503761097	0
1111	9	4	1	0	0	4.919980925828125	0
1112	12	3	0	0	0	4.890349128221754	1
1113	7	5	0	0	0	4.330733340286331	1
1114	18	6	1	0	0	5.170483995038151	0
1115	10	3	1	0	0	4.90527477843843	1
1116	10	10	1	0	1	5.231108616854587	0
1117	11	3	1	0	1	5.187385805840755	1
1118	17	0	1	0	1	4.948759890378168	1
1119	15	2	0	0	0	5.123963979403259	1
1120	8	7	1	1	0	5.375278407684165	0
1121	8	1	1	0	0	5.056245805348308	0
1122	11	0	1	0	1	5.030437921392435	1
1123	5	3	1	0	0	4.07753744390572	1
1124	8	3	1	0	0	4.727387818712341	0
1125	5	2	1	0	0	4.3694478524670215	0
1126	3	4	1	0	0	4.23410650459726	0
1127	13	3	1	0	0	5.332718793265369	1
1128	4	7	1	0	0	4.624972813284271	0
1129	12	6	1	0	0	4.574710978503383	0
1130	10	1	1	0	0	4.969813299576001	1
1131	4	2	1	0	0	4.465908118654584	0
1132	13	4	1	0	0	5.187385805840755	0
1133	8	1	1	0	1	4.969813299576001	1
1134	15	4	1	1	0	5.424950017481403	0
1135	9	7	1	0	0	5.2832037287379885	0
1136	12	0	0	0	0	4.68213122712422	1
1137	9	6	1	0	1	5.69035945432406	0
1138	4	2	1	0	1	4.31748811353631	1
1139	5	2	1	0	0	4.465908118654584	1
1140	4	5	1	0	1	5.170483995038151	0
1141	11	4	1	0	0	4.68213122712422	0
1142	8	1	1	0	0	4.6443908991413725	0
1143	4	5	1	0	0	4.718498871295094	0
1144	40	10	1	0	0	6.040254711277414	1
1145	3	2	1	0	0	4.0943445622221	1
1146	9	2	1	0	0	4.890349128221754	1
1147	16	10	1	0	1	5.54907608489522	0
1148	6	2	1	0	0	4.31748811353631	0
1149	7	3	1	0	0	4.836281906951478	1
1150	10	5	1	0	0	4.867534450455582	1
1151	4	3	1	0	1	4.204692619390966	0
1152	4	2	0	0	0	4.406719247264253	0
1153	19	3	1	0	0	5.337538079701318	0
1154	15	4	1	0	0	5.220355825078324	1
1155	39	25	1	0	1	6.2324480165505225	1
1156	9	0	1	2	1	5.209486152841421	0
1157	4	0	0	0	0	4.762173934797756	1
1158	5	2	1	0	1	4.709530201312334	0
1159	15	13	1	0	0	5.616771097666572	0
1160	9	6	1	0	0	4.74493212836325	1
1161	9	11	0	0	0	5.209486152841421	0
1162	5	3	1	0	0	4.127134385045092	0
1163	9	5	1	0	0	4.976733742420574	0
1164	13	7	1	0	0	4.941642422609304	0
1165	5	0	0	0	0	4.430816798843313	1
1166	15	6	1	0	1	5.187385805840755	0
1167	11	5	1	0	0	5.099866427824199	0
1168	2	1	1	0	0	4.04305126783455	0
1169	6	4	1	0	1	4.68213122712422	0
1170	3	0	1	0	1	4.5217885770490405	1
1171	11	7	1	0	0	5.638354669333745	0
1172	8	8	1	0	0	5.117993812416755	0
1173	7	6	1	0	0	4.787491742782046	0
1174	7	1	1	0	1	4.624972813284271	0
1175	19	6	1	1	0	5.241747015059643	0
1176	8	0	1	0	1	4.882801922586371	1
1177	12	1	1	0	0	4.836281906951478	1
1178	12	7	1	0	0	5.697093486505405	0
1179	10	2	1	0	0	4.727387818712341	1
1180	7	2	1	0	0	4.859812404361672	0
1181	11	2	1	1	0	5.075173815233827	0
1182	6	9	1	0	1	5.170483995038151	0
1183	8	3	1	0	0	4.3694478524670215	0
1184	7	0	0	0	0	4.406719247264253	1
1185	7	2	1	0	0	4.276666119016055	0
1186	13	6	1	0	1	4.919980925828125	0
1187	10	1	1	0	0	4.875197323201151	1
1188	18	7	1	0	1	5.351858133476067	1
1189	15	5	1	0	1	5.521460917862246	1
1190	19	2	1	0	0	5.214935757608986	1
1191	9	8	1	0	0	5.10594547390058	0
1192	6	5	1	0	0	4.844187086458591	0
1193	8	3	1	0	0	4.51085950651685	0
1194	19	8	1	0	1	5.497168225293202	0
1195	10	2	0	0	0	4.430816798843313	1
1196	8	11	1	1	0	5.288267030694535	0
1197	10	4	1	0	0	4.762173934797756	0
1198	9	0	1	0	0	4.127134385045092	1
1199	8	5	1	0	0	4.770684624465665	0
1200	4	1	1	0	0	4.290459441148391	1
1201	10	0	1	0	1	4.330733340286331	1
1202	12	1	1	1	0	4.48863636973214	0
1203	12	3	0	0	1	4.736198448394496	1
1204	22	5	1	0	0	5.680172609017068	1
1205	17	2	1	0	0	4.976733742420574	1
1206	9	9	1	0	0	5.209486152841421	0
1207	3	0	1	0	0	4.204692619390966	1
1208	12	10	1	1	0	4.9344739331306915	0
1209	7	5	1	0	1	4.465908118654584	1
1210	13	4	1	0	0	4.844187086458591	0
1211	6	1	1	0	0	5.075173815233827	1
1212	11	2	1	0	0	4.962844630259907	1
1213	12	7	1	0	1	5.117993812416755	1
1214	12	4	1	0	0	5.0106352940962555	0
1215	9	4	1	0	0	4.574710978503383	0
1216	14	6	1	0	1	5.159055299214529	0
1217	5	2	0	0	0	4.143134726391533	1
1218	10	1	1	0	1	4.804021044733257	1
1219	8	9	1	0	0	4.59511985013459	0
1220	6	0	1	0	0	4.875197323201151	0
1221	18	1	0	1	1	4.927253685157205	1
1222	9	5	1	1	0	4.90527477843843	0
1223	6	5	1	0	0	4.836281906951478	0
1224	8	2	1	0	0	4.5217885770490405	0
1225	5	2	1	0	0	4.060443010546419	0
1226	12	5	0	2	1	5.176149732573829	1
1227	18	3	1	0	0	5.117993812416755	0
1228	9	4	1	0	0	4.844187086458591	0
1229	9	1	1	1	0	4.672828834461906	1
1230	15	8	1	0	0	5.087596335232384	0
1231	17	5	1	0	0	4.812184355372417	1
1232	9	4	1	0	0	4.574710978503383	1
1233	20	6	1	0	1	5.717027701406222	1
1234	15	4	1	0	0	4.605170185988092	0
1235	8	6	1	0	0	4.983606621708336	1
1236	8	3	1	1	1	4.31748811353631	1
1237	10	0	1	0	0	4.955827057601261	1
1238	6	2	1	1	0	4.59511985013459	0
1239	12	11	1	0	0	5.272999558563747	1
1240	11	5	1	0	0	4.941642422609304	0
1241	24	12	1	0	1	5.82600010738045	0
1242	9	8	1	0	0	4.983606621708336	0
1243	10	1	1	0	0	4.6443908991413725	1
1244	14	10	1	0	1	5.3981627015177525	0
1245	6	8	1	0	1	5.075173815233827	0
1246	13	8	1	1	1	5.365976015021851	1
1247	7	5	1	0	0	4.927253685157205	0
1248	11	6	1	0	0	5.093750200806762	0
1249	4	0	1	0	1	4.477336814478207	0
1250	5	2	1	0	0	4.189654742026425	1
1251	20	5	1	0	1	5.123963979403259	0
1252	21	3	1	0	1	5.6240175061873385	0
1253	7	0	1	0	0	4.574710978503383	1
1254	9	5	1	0	0	4.787491742782046	1
1255	14	6	1	0	1	5.247024072160486	0
1256	6	2	1	0	0	4.31748811353631	1
1257	6	0	1	1	0	4.51085950651685	0
1258	5	4	1	0	1	5.043425116919247	0
1259	12	3	1	0	1	5.0369526024136295	1
1260	10	1	1	0	1	4.74493212836325	1
1261	3	1	1	0	0	4.477336814478207	0
1262	8	4	1	1	1	4.77912349311153	0
1263	2	1	1	0	1	4.356708826689592	0
1264	11	6	1	0	0	5.204006687076795	0
1265	6	4	1	0	1	4.553876891600541	0
1266	8	6	1	0	0	4.90527477843843	0
1267	10	8	1	1	1	5.0369526024136295	0
1268	10	1	1	1	0	4.634728988229636	1
1269	12	10	1	0	0	5.3981627015177525	0
1270	5	4	1	0	0	4.634728988229636	0
1271	10	3	1	0	1	5.043425116919247	1
1272	23	9	1	0	1	5.645446897643238	0
1273	10	5	1	0	1	5.318119993844216	0
1274	7	4	1	0	0	4.844187086458591	0
1275	4	4	1	0	0	4.812184355372417	0
1276	26	7	1	0	0	5.6240175061873385	0
1277	13	5	1	0	1	5.560681631015528	0
1278	11	5	1	0	0	4.804021044733257	1
1279	2	2	1	1	0	4.060443010546419	1
1280	14	3	1	0	0	5.0369526024136295	0
1281	6	1	1	0	0	4.941642422609304	0
1282	14	3	1	0	0	4.962844630259907	1
1283	18	6	1	0	0	5.1647859739235145	1
1284	14	2	0	0	0	4.543294782270004	0
1285	11	7	1	0	0	4.875197323201151	0
1286	31	7	1	0	1	5.602118820879701	1
1287	35	13	1	1	0	6.238324625039508	0
1288	4	0	1	0	0	4.0943445622221	1
1289	9	5	1	3	1	5.111987788356544	1
1290	15	6	1	0	0	5.153291594497779	0
1291	14	8	1	1	0	5.44673737166631	1
1292	13	7	1	1	0	5.278114659230517	0
1293	15	1	0	0	0	4.5217885770490405	0
1294	23	7	1	0	0	5.575949103146316	0
1295	12	7	1	0	1	4.820281565605037	1
1296	11	3	1	0	0	4.919980925828125	0
1297	12	5	1	0	1	5.075173815233827	1
1298	14	1	1	0	0	5.204006687076795	1
1299	14	7	1	0	1	5.327876168789581	1
1300	8	7	1	0	1	5.384495062789089	0
1301	16	7	1	0	0	5.214935757608986	0
1302	8	4	1	0	0	4.804021044733257	0
1303	11	0	1	0	0	4.882801922586371	0
1304	10	11	1	0	0	5.680172609017068	1
1305	9	4	1	0	0	5.187385805840755	0
1306	5	1	1	0	0	4.1588830833596715	1
1307	9	4	1	0	1	5.327876168789581	0
1308	10	1	1	0	1	4.795790545596741	1
1309	23	2	1	0	0	5.71042701737487	1
1310	16	4	1	0	0	5.147494476813453	1
1311	27	5	1	0	0	5.733341276897746	1
1312	20	7	1	0	1	5.811140992976701	1
1313	12	0	1	0	1	5.402677381872279	1
1314	11	4	1	0	0	4.624972813284271	1
1315	15	3	1	0	0	4.605170185988092	1
1316	15	6	1	1	0	5.056245805348308	0
1317	9	0	1	1	0	4.941642422609304	0
1318	7	3	1	0	0	4.941642422609304	0
1319	4	2	1	0	0	4.31748811353631	0
1320	11	3	0	0	0	5.14166355650266	1
1321	11	3	1	0	0	4.983606621708336	0
1322	7	3	1	0	1	4.653960350157523	0
1323	34	7	1	0	0	5.730099782973574	1
1324	8	3	1	0	0	4.330733340286331	1
1325	6	1	0	0	0	4.276666119016055	1
1326	6	6	1	0	0	4.927253685157205	0
1327	14	3	1	0	0	4.927253685157205	1
1328	14	3	1	0	0	5.4638318050256105	0
1329	26	21	1	0	0	6.208590026096629	0
1330	8	0	1	0	0	4.127134385045092	1
1331	12	3	1	0	1	4.7535901911063645	1
1332	7	1	1	0	0	4.948759890378168	0
1333	20	4	0	0	0	5.056245805348308	1
1334	8	3	1	0	0	4.605170185988092	1
1335	5	4	1	0	0	4.51085950651685	1
1336	9	0	1	2	0	4.990432586778736	1
1337	5	3	1	0	1	4.59511985013459	0
1338	7	4	1	0	0	4.897839799950911	0
1339	12	5	1	1	0	4.718498871295094	0
1340	8	0	1	0	0	4.143134726391533	1
1341	9	0	1	0	1	4.465908118654584	1
1342	19	6	1	0	0	5.3230099791384085	0
1343	6	1	1	0	0	4.406719247264253	1
1344	19	4	1	1	0	5.0369526024136295	0
1345	8	4	1	0	0	4.477336814478207	0
1346	11	1	1	1	0	4.477336814478207	0
1347	18	14	1	0	0	5.799092654460526	0
1348	10	7	1	0	0	4.867534450455582	0
1349	10	2	0	1	0	4.836281906951478	1
1350	38	16	1	0	0	6.061456918928017	0
1351	14	1	1	0	1	5.017279836814924	0
1352	6	1	0	0	0	4.127134385045092	1
1353	9	2	1	0	0	4.430816798843313	1
1354	10	12	1	0	0	5.153291594497779	1
1355	7	4	1	1	1	5.147494476813453	0
1356	4	7	1	0	0	4.248495242049359	0
1357	8	2	1	0	0	4.718498871295094	0
1358	3	0	1	0	0	4.007333185232471	1
1359	14	4	1	0	0	5.225746673713202	0
1360	10	0	0	0	0	4.770684624465665	0
1361	22	0	1	0	1	5.278114659230517	1
1362	16	2	1	1	0	5.0238805208462765	1
1363	6	1	0	0	0	4.219507705176107	1
1364	14	4	1	0	0	5.017279836814924	1
1365	9	4	1	0	0	5.075173815233827	0
1366	17	7	1	0	0	5.288267030694535	1
1367	6	1	1	0	0	4.382026634673881	0
1368	13	4	1	0	0	4.8283137373023015	1
1369	11	4	1	0	0	4.844187086458591	0
1370	23	3	1	0	0	5.424950017481403	1
1371	3	8	1	0	1	4.406719247264253	0
1372	16	8	1	0	0	4.8283137373023015	0
1373	11	3	1	1	0	5.181783550292085	0
1374	12	7	1	0	0	4.927253685157205	0
1375	15	5	1	0	0	4.962844630259907	1
1376	4	1	1	1	1	4.941642422609304	0
1377	13	4	1	1	0	5.420534999272286	0
1378	8	2	1	0	1	4.867534450455582	1
1379	19	3	1	0	0	4.804021044733257	1
1380	19	15	1	1	1	5.739792912179234	0
1381	19	11	1	1	0	5.472270673671475	1
1382	4	1	1	0	0	4.356708826689592	1
1383	14	3	1	0	0	4.962844630259907	0
1384	12	1	1	0	0	4.770684624465665	0
1385	17	2	1	0	0	5.1647859739235145	1
1386	13	3	1	0	0	4.836281906951478	0
1387	5	1	1	0	0	4.189654742026425	0
1388	9	3	1	0	0	4.634728988229636	1
1389	6	1	0	0	0	4.2626798770413155	1
1390	10	3	1	0	0	5.170483995038151	0
1391	9	0	1	0	0	4.060443010546419	1
1392	17	3	1	0	1	5.049856007249537	1
1393	7	2	1	0	0	4.219507705176107	1
1394	12	6	1	0	0	5.220355825078324	0
1395	5	2	1	0	0	4.574710978503383	0
1396	29	9	1	3	1	5.817111159963204	1
1397	5	3	1	0	1	5.247024072160486	0
1398	3	2	1	0	1	4.07753744390572	1
1399	18	6	1	0	1	5.393627546352362	0
1400	9	2	1	0	0	4.442651256490317	0
1401	7	1	1	0	0	4.969813299576001	0
1402	12	5	1	0	0	5.214935757608986	1
1403	11	2	1	1	0	4.77912349311153	0
1404	5	2	1	0	0	4.110873864173311	0
1405	11	0	1	0	0	4.68213122712422	1
1406	16	3	1	0	0	4.700480365792417	1
1407	4	6	1	0	1	4.90527477843843	0
1408	27	5	1	0	0	5.313205979041787	0
1409	8	2	0	0	1	4.727387818712341	1
1410	19	8	1	0	0	5.5093883366279774	0
1411	10	12	1	0	1	5.236441962829949	0
1412	18	4	1	0	0	5.214935757608986	0
1413	19	1	0	0	0	5.081404364984463	1
1414	9	2	0	0	0	4.0943445622221	1
1415	5	3	1	0	0	4.605170185988092	0
1416	20	6	1	0	0	5.075173815233827	0
1417	23	13	1	0	1	6.021023349349527	0
1418	8	5	1	0	1	5.14166355650266	1
1419	22	9	1	1	1	5.8944028342648505	0
1420	12	9	1	0	0	5.117993812416755	0
1421	6	4	1	0	0	4.532599493153256	1
1422	10	5	1	0	0	4.430816798843313	0
1423	12	5	1	0	0	4.795790545596741	1
1424	29	12	1	0	1	6.035481432524756	0
1425	12	0	1	0	0	4.584967478670572	1
1426	13	3	1	1	0	5.062595033026967	1
1427	14	2	1	0	0	5.111987788356544	1
1428	15	5	1	1	0	5.10594547390058	1
1429	10	8	1	0	1	5.111987788356544	0
1430	5	6	0	0	0	4.6913478822291435	0
1431	6	3	1	0	0	4.356708826689592	0
1432	15	11	1	0	1	5.4638318050256105	0
1433	12	6	1	0	1	4.787491742782046	0
1434	29	25	1	0	0	6.104793232414985	1
1435	5	7	1	0	0	4.127134385045092	0
1436	8	2	1	1	0	4.919980925828125	0
1437	16	2	1	0	0	5.308267697401205	0
1438	6	2	1	1	0	4.127134385045092	0
1439	22	8	1	2	0	6.063785208687608	0
1440	26	10	1	0	1	5.556828061699537	0
1441	12	5	1	0	1	5.37989735354046	1
1442	30	9	1	0	1	5.749392985908253	0
1443	18	4	1	0	1	5.278114659230517	1
1444	10	7	1	0	1	5.537334267018537	0
1445	18	6	1	1	1	5.53338948872752	0
1446	12	3	1	0	1	5.087596335232384	0
1447	17	5	1	0	1	5.209486152841421	1
1448	7	3	1	0	0	4.812184355372417	1
1449	8	1	1	1	0	4.770684624465665	0
1450	15	5	1	0	0	5.5053315359323625	0
1451	15	2	1	0	0	4.836281906951478	1
1452	29	4	1	0	0	5.442417710521793	1
1453	8	9	1	0	0	5.117993812416755	0
1454	19	9	1	1	1	5.8377304471659395	1
1455	8	4	1	0	0	4.61512051684126	0
1456	16	2	1	0	0	4.74493212836325	1
1457	5	4	1	1	0	4.330733340286331	0
1458	19	10	1	1	1	5.6937321388027	0
1459	11	2	1	0	0	4.718498871295094	1
1460	5	2	1	0	1	4.290459441148391	0
1461	10	2	1	1	1	5.351858133476067	0
1462	28	13	1	1	0	5.916202062607435	0
1463	12	4	1	1	1	4.844187086458591	1
1464	9	4	1	0	0	4.762173934797756	1
1465	11	6	1	0	0	5.0238805208462765	0
1466	19	4	1	0	1	4.859812404361672	1
1467	17	6	1	1	0	5.676753802268282	1
1468	9	1	0	0	0	4.68213122712422	0
1469	5	1	0	0	0	4.1588830833596715	0
1470	29	5	1	0	1	5.8888779583328805	1
1471	6	2	1	0	0	4.700480365792417	1
1472	32	9	1	0	0	5.641907070938114	1
1473	6	6	1	0	0	5.030437921392435	0
1474	13	6	1	0	1	5.198497031265826	1
1475	8	2	1	0	1	4.997212273764115	0
1476	4	2	1	0	0	4.290459441148391	1
1477	12	2	1	0	0	4.2626798770413155	0
1478	8	2	1	0	0	4.1588830833596715	1
1479	17	5	1	0	1	5.2574953720277815	1
1480	5	3	1	0	0	5.1298987149230735	0
1481	15	1	1	0	0	5.003946305945459	0
1482	8	2	1	0	0	4.7535901911063645	0
1483	9	1	1	1	0	4.30406509320417	1
1484	14	6	1	0	0	4.787491742782046	1
1485	9	7	1	0	0	4.812184355372417	1
1486	17	3	1	0	1	5.308267697401205	0
1487	9	1	1	0	1	4.77912349311153	0
1488	30	11	1	0	0	5.932245187448011	0
1489	13	2	1	0	1	4.912654885736052	0
1490	8	4	1	0	0	4.997212273764115	0
1491	9	1	1	0	0	4.430816798843313	0
1492	9	2	1	0	0	4.564348191467836	1
1493	6	3	0	1	0	4.584967478670572	1
1494	8	0	0	0	0	4.174387269895637	1
1495	11	2	1	1	1	4.77912349311153	1
1496	10	2	0	0	0	4.882801922586371	0
1497	27	9	1	0	0	5.872117789475416	0
1498	8	3	1	0	0	4.90527477843843	0
1499	27	8	1	1	1	5.820082930352362	0
1500	11	3	1	0	1	5.062595033026967	0
1501	14	2	1	1	0	5.247024072160486	0
1502	3	1	1	0	1	4.060443010546419	0
1503	6	4	1	0	1	4.219507705176107	1
1504	5	4	1	0	0	4.875197323201151	1
1505	6	6	1	0	0	5.030437921392435	0
1506	34	9	1	0	1	6.298949246855942	0
1507	8	4	1	0	0	4.6443908991413725	0
1508	13	6	1	1	0	4.890349128221754	0
1509	5	5	1	0	1	4.867534450455582	0
1510	27	7	1	3	1	5.805134968916488	0
1511	5	3	1	0	0	4.290459441148391	0
1512	6	3	1	0	1	4.532599493153256	0
1513	11	7	1	1	1	5.262690188904886	0
1514	18	5	1	0	0	5.480638923341991	0
1515	4	2	1	0	0	4.564348191467836	1
1516	7	0	0	0	0	4.0943445622221	0
1517	9	5	1	0	1	5.267858159063328	0
1518	9	4	0	0	0	4.74493212836325	0
1519	5	3	1	0	0	4.127134385045092	0
1520	8	4	0	0	0	4.795790545596741	1
1521	12	5	1	0	1	5.236441962829949	0
1522	13	13	1	0	1	5.638354669333745	1
1523	12	10	1	0	0	5.293304824724492	0
1524	15	1	0	0	0	4.962844630259907	0
1525	8	0	0	0	1	4.060443010546419	1
1526	3	4	1	0	0	3.9889840465642745	1
1527	11	13	1	0	0	4.948759890378168	0
1528	1	1	1	0	1	4.110873864173311	1
1529	10	2	1	0	0	4.605170185988092	1
1530	16	11	0	0	1	5.293304824724492	1
1531	15	9	1	0	1	5.267858159063328	0
1532	5	2	1	0	1	4.7535901911063645	1
1533	14	5	1	0	0	4.990432586778736	1
1534	13	7	1	0	0	4.8283137373023015	0
1535	9	3	1	0	1	4.356708826689592	0
1536	7	3	1	0	0	4.663439094112067	1
1537	10	5	1	0	1	5.147494476813453	0
1538	12	9	1	0	1	5.5254529391317835	0
1539	11	8	1	1	0	5.384495062789089	0
1540	3	2	1	0	0	4.04305126783455	0
1541	15	6	1	0	1	5.3981627015177525	0
1542	4	4	1	0	0	4.382026634673881	1
1543	11	0	1	0	1	5.017279836814924	1
1544	4	2	1	0	0	4.127134385045092	0
1545	6	0	1	0	1	4.61512051684126	1
1546	7	3	0	0	1	4.90527477843843	1
1547	9	8	1	1	1	5.209486152841421	0
1548	19	8	1	0	0	5.5053315359323625	1
1549	28	3	1	1	0	5.3471075307174685	1
1550	14	5	1	0	0	5.0689042022202315	0
1551	10	5	1	0	0	4.882801922586371	0
1552	7	6	1	0	1	4.983606621708336	0
1553	16	6	1	0	0	4.9344739331306915	0
1554	4	2	0	0	0	4.3694478524670215	0
1555	15	7	1	0	0	5.568344503761097	0
1556	11	3	1	0	1	4.927253685157205	1
1557	10	1	1	0	1	4.727387818712341	0
1558	12	2	0	0	0	4.624972813284271	1
1559	23	7	1	0	0	5.170483995038151	0
1560	8	1	0	0	0	4.653960350157523	1
1561	19	4	1	0	0	5.159055299214529	1
1562	11	9	1	0	1	5.455321115357702	0
1563	25	7	1	0	0	5.214935757608986	1
1564	35	19	1	0	1	5.988961416889864	0
1565	20	6	1	0	0	6.042632833682381	0
1566	12	3	1	0	0	4.700480365792417	0
1567	9	5	0	0	0	5.0238805208462765	0
1568	7	1	1	0	1	4.532599493153256	0
1569	15	2	1	0	1	5.438079308923196	0
1570	10	5	1	0	0	4.663439094112067	1
1571	4	0	0	0	1	4.605170185988092	1
1572	16	16	1	0	1	5.8805329864007	1
1573	22	6	1	0	1	6.037870919922137	0
1574	10	1	1	0	1	4.795790545596741	1
1575	11	4	1	0	0	5.170483995038151	1
1576	10	4	1	0	0	5.1647859739235145	0
1577	9	4	1	0	1	5.337538079701318	0
1578	10	0	1	0	1	4.564348191467836	1
1579	10	0	1	0	1	5.0238805208462765	1
1580	8	8	1	0	0	5.0238805208462765	0
1581	6	5	0	1	1	4.927253685157205	1
1582	12	1	1	0	0	5.081404364984463	1
1583	10	4	1	1	0	4.795790545596741	1
1584	8	2	1	1	0	4.77912349311153	1
1585	12	2	1	0	0	5.2574953720277815	0
1586	11	7	1	0	0	5.19295685089021	0
1587	11	5	1	0	0	4.59511985013459	0
1588	16	2	0	0	0	4.700480365792417	1
1589	9	2	1	0	0	4.356708826689592	1
1590	11	12	1	0	0	5.6240175061873385	0
1591	10	3	1	0	0	5.075173815233827	0
1592	9	5	1	1	0	4.948759890378168	0
1593	4	6	1	0	0	4.59511985013459	0
1594	3	4	0	0	0	4.68213122712422	0
1595	7	0	1	0	0	4.6443908991413725	0
1596	9	2	0	0	0	4.48863636973214	1
1597	6	1	1	0	0	4.174387269895637	1
1598	6	2	1	0	1	4.532599493153256	1
1599	9	3	1	0	0	4.812184355372417	0
1600	3	0	1	0	0	4.59511985013459	1
1601	10	3	1	0	0	4.882801922586371	0
1602	13	4	1	0	1	4.997212273764115	1
1603	18	6	1	2	0	5.318119993844216	1
1604	3	5	1	0	0	5.0689042022202315	0
1605	9	1	1	0	0	4.248495242049359	1
1606	15	12	1	0	0	5.44673737166631	0
1607	8	2	1	1	0	4.477336814478207	0
1608	13	6	1	0	0	4.77912349311153	1
1609	7	1	1	0	0	4.204692619390966	1
1610	9	6	1	0	0	5.111987788356544	1
1611	10	6	1	0	1	4.836281906951478	0
1612	9	10	1	0	0	4.955827057601261	0
1613	5	3	1	0	0	4.709530201312334	0
1614	9	1	1	0	0	4.77912349311153	1
1615	8	3	1	0	0	5.293304824724492	0
1616	3	1	1	0	0	4.219507705176107	0
1617	11	7	1	1	1	5.318119993844216	0
1618	19	5	1	1	1	5.225746673713202	1
1619	6	2	1	0	0	4.060443010546419	0
1620	18	17	1	0	0	5.846438775057725	0
1621	7	1	0	0	0	4.219507705176107	1
1622	12	7	1	0	0	5.049856007249537	0
1623	13	2	1	0	0	4.997212273764115	1
1624	13	6	1	0	1	5.159055299214529	0
1625	5	6	1	0	0	4.997212273764115	0
1626	38	10	1	0	1	6.0867747269123065	0
1627	18	8	1	0	0	5.365976015021851	0
1628	12	2	1	0	1	4.897839799950911	1
1629	20	13	1	0	0	5.929589143389895	0
1630	7	1	0	0	0	4.110873864173311	1
1631	11	7	1	0	0	5.075173815233827	0
1632	8	3	1	0	0	4.983606621708336	0
1633	9	4	0	0	0	4.343805421853684	1
1634	17	6	1	0	0	5.327876168789581	0
1635	17	2	1	0	0	5.247024072160486	1
1636	27	10	1	0	1	6.169610732491456	0
1637	10	4	1	0	1	4.812184355372417	0
1638	4	0	1	0	1	4.248495242049359	1
1639	19	3	1	0	0	5.1647859739235145	1
1640	10	8	1	1	0	5.14166355650266	1
1641	9	1	0	0	0	4.61512051684126	1
1642	14	3	1	0	1	4.912654885736052	0
1643	23	7	1	0	0	5.056245805348308	1
1644	11	4	1	0	0	4.574710978503383	1
1645	19	7	1	0	1	5.556828061699537	0
1646	5	4	1	0	1	4.68213122712422	1
1647	8	4	1	0	0	4.672828834461906	0
1648	9	5	1	0	0	4.836281906951478	0
1649	4	1	1	0	1	4.110873864173311	0
1650	7	4	1	0	1	5.030437921392435	0
1651	11	0	1	0	1	5.170483995038151	0
1652	21	3	1	0	0	5.472270673671475	0
1653	16	2	1	0	1	4.890349128221754	1
1654	25	11	1	0	1	5.91350300563827	1
1655	15	3	1	0	1	4.770684624465665	1
1656	4	3	1	0	0	4.584967478670572	0
1657	16	6	1	0	1	5.181783550292085	0
1658	15	7	1	0	0	5.0238805208462765	0
1659	11	3	1	0	1	4.890349128221754	1
1660	4	2	1	0	1	4.61512051684126	0
1661	17	4	1	1	0	5.209486152841421	1
1662	14	7	1	0	0	5.159055299214529	0
1663	4	6	1	0	0	4.574710978503383	0
1664	5	2	1	0	0	4.465908118654584	1
1665	12	5	1	0	0	5.0689042022202315	1
1666	12	4	1	0	0	5.043425116919247	0
1667	16	6	1	1	0	5.4638318050256105	1
1668	0	0	0	0	0	4.499809670330265	0
1669	20	8	1	0	0	5.3230099791384085	1
1670	19	1	1	1	0	4.875197323201151	1
1671	8	0	1	0	0	4.406719247264253	1
1672	6	1	1	0	0	4.343805421853684	0
1673	4	1	1	0	1	4.795790545596741	0
1674	11	3	0	3	0	4.867534450455582	1
1675	6	7	1	0	0	5.135798437050262	0
1676	31	2	1	0	1	5.442417710521793	1
1677	16	3	1	0	0	5.375278407684165	0
1678	10	3	1	0	0	5.181783550292085	0
1679	19	4	1	0	0	5.655991810819852	0
1680	27	23	1	0	0	6.137727054086234	1
1681	9	0	1	0	0	4.68213122712422	1
1682	13	7	1	0	1	5.375278407684165	1
1683	3	2	1	0	0	4.1588830833596715	1
1684	8	7	1	0	0	4.955827057601261	0
1685	14	2	1	0	1	4.820281565605037	1
1686	13	6	0	0	0	4.941642422609304	1
1687	2	5	1	0	0	4.3694478524670215	0
1688	18	4	0	0	1	4.955827057601261	1
1689	9	1	1	0	0	4.624972813284271	1
1690	6	2	0	0	0	4.276666119016055	1
1691	12	6	1	0	1	4.795790545596741	1
1692	3	3	1	0	0	4.804021044733257	0
1693	7	4	1	0	0	4.543294782270004	0
1694	4	2	0	1	0	4.1588830833596715	1
1695	9	4	1	0	0	4.8283137373023015	0
1696	7	5	1	0	1	4.867534450455582	0
1697	20	4	1	0	0	5.739792912179234	1
1698	0	0	0	0	0	5.313205979041787	1
1699	6	5	1	0	1	4.8283137373023015	0
1700	12	4	1	0	0	5.1298987149230735	0
1701	10	3	1	0	1	4.962844630259907	1
1702	15	5	1	1	0	5.442417710521793	0
1703	11	3	1	1	1	5.123963979403259	0
1704	11	3	1	0	0	4.962844630259907	0
1705	8	5	1	0	0	4.859812404361672	0
1706	16	2	1	0	0	4.8283137373023015	0
1707	8	3	0	0	0	4.61512051684126	1
1708	8	1	1	0	0	4.941642422609304	1
1709	9	5	1	1	0	4.844187086458591	0
1710	4	4	1	0	1	4.330733340286331	0
1711	18	9	1	0	1	5.541263545158426	0
1712	7	1	1	1	1	4.68213122712422	0
1713	3	6	0	0	1	4.77912349311153	0
1714	10	4	1	0	0	5.241747015059643	0
1715	15	9	1	0	1	5.056245805348308	1
1716	14	3	1	0	0	5.220355825078324	1
1717	8	4	1	0	0	4.859812404361672	0
1718	10	5	1	0	1	4.919980925828125	0
1719	38	8	1	0	0	6.035481432524756	0
1720	17	9	1	0	0	5.272999558563747	0
1721	5	4	1	0	1	4.727387818712341	1
